{"type":"Topology","objects":{"syria_geo":{"type":"GeometryCollection","geometries":[{"type":"Polygon","properties":{"ID_1":1,"NAME_1":"Al ?asakah"},"id":1,"arcs":[[0,1,2]]},{"type":"Polygon","properties":{"ID_1":2,"NAME_1":"Aleppo"},"id":2,"arcs":[[3,4,5,6]]},{"type":"Polygon","properties":{"ID_1":3,"NAME_1":"Ar Raqqah"},"id":3,"arcs":[[-2,7,8,9,-4,10]]},{"type":"Polygon","properties":{"ID_1":4,"NAME_1":"As Suwayda'"},"id":4,"arcs":[[11,12,13]]},{"type":"Polygon","properties":{"ID_1":5,"NAME_1":"Damascus"},"id":5,"arcs":[[14]]},{"type":"Polygon","properties":{"ID_1":6,"NAME_1":"Dar`a"},"id":6,"arcs":[[-13,15,16,17]]},{"type":"Polygon","properties":{"ID_1":7,"NAME_1":"Dayr Az Zawr"},"id":7,"arcs":[[18,19,-8,-1]]},{"type":"Polygon","properties":{"ID_1":8,"NAME_1":"Hamah"},"id":8,"arcs":[[-5,-10,20,21,22,23]]},{"type":"Polygon","properties":{"ID_1":9,"NAME_1":"Hims"},"id":9,"arcs":[[-20,24,25,26,27,-21,-9]]},{"type":"Polygon","properties":{"ID_1":10,"NAME_1":"Idlib"},"id":10,"arcs":[[-24,28,29,-6]]},{"type":"Polygon","properties":{"ID_1":11,"NAME_1":"Lattakia"},"id":11,"arcs":[[-29,-23,30,31]]},{"type":"Polygon","properties":{"ID_1":12,"NAME_1":"Quneitra"},"id":12,"arcs":[[32,-17,33]]},{"type":"Polygon","properties":{"ID_1":13,"NAME_1":"Rif Dimashq"},"id":13,"arcs":[[34,-14,-18,-33,35,-26],[-15]]},{"type":"MultiPolygon","properties":{"ID_1":14,"NAME_1":"Tartus"},"id":14,"arcs":[[[36]],[[-28,37,-31,-22]]]}]}},"arcs":[[[8404,6440],[-126,14],[-81,-3],[-52,-24],[-35,-20],[-65,17],[-86,9],[-42,18],[-54,21],[-54,27],[-38,15],[-34,0],[-62,-3],[-74,6],[-41,6],[-31,36],[-76,77],[-72,81],[-108,113],[-56,57],[-45,42],[-51,36],[-72,77],[-67,66],[-70,60],[-13,9],[-146,155],[-31,33],[-5,30],[-31,27],[-128,143],[-112,119],[-112,114],[-36,68],[-23,69],[3,45],[3,44],[-13,3],[-16,19],[-2,22],[-12,18],[-5,22],[0,37],[0,19],[0,34],[-7,9],[-21,9],[-23,13],[-25,6],[-11,9]],[[6146,8244],[-3,3],[-3,28],[-2,31],[-14,25],[-23,12],[-38,13],[-30,12],[-28,34],[-37,16],[-44,0],[-61,0],[-65,9],[-56,3],[-35,10],[-16,18],[-26,37],[-28,41],[-23,43],[-18,47],[-7,40],[0,31],[0,31],[10,33]],[[5599,8761],[3,1],[22,-3],[39,5],[8,2],[42,7],[9,2],[20,4],[76,23],[45,7],[0,1],[57,4],[17,8],[5,2],[49,22],[16,4],[87,8],[40,4],[37,8],[15,3],[21,11],[9,5],[23,15],[20,13],[58,20],[51,22],[55,36],[24,16],[3,1],[51,23],[31,26],[11,14],[10,9],[69,22],[39,5],[26,7],[7,2],[41,18],[37,25],[8,6],[14,14],[12,11],[7,8],[2,1],[25,11],[14,10],[10,8],[48,34],[10,5],[49,23],[6,3],[25,14],[17,14],[32,35],[6,4],[15,10],[8,5],[35,13],[62,10],[45,7],[20,6],[54,29],[30,26],[49,17],[16,10],[44,21],[5,5],[15,13],[0,1],[29,20],[20,7],[5,0],[24,2],[18,7],[19,13],[25,17],[61,-2],[6,-5],[3,-2],[8,-14],[25,-5],[5,1],[1,0],[6,2],[18,20],[23,12],[7,1],[46,5],[43,-6],[23,-9],[11,-5],[42,-11],[48,-9],[41,-4],[82,-20],[6,-1],[21,-3],[56,-2],[52,-26],[5,-5],[6,-19],[4,-3],[6,-4],[27,2],[2,1],[16,8],[13,12],[17,7],[4,1],[22,2],[152,-1],[170,0],[65,8],[21,3],[48,14],[55,26],[20,6],[16,5],[10,3],[44,4],[13,0],[49,-2],[46,8],[137,36],[29,7],[45,12],[113,29],[38,22],[24,14],[62,23],[33,25],[40,23],[10,12],[14,33],[6,7],[19,21],[22,20],[19,13],[26,18],[15,14],[21,36],[13,30],[6,6],[7,2],[11,-4],[4,-3],[-2,-3],[-1,-13],[-7,-18],[-14,-29],[-1,-7],[4,-6],[9,-2],[12,8],[19,0],[12,-4],[17,-13],[13,-2],[29,20],[8,-13],[4,-19],[5,-6],[1,-1],[16,-7],[5,-2],[10,-24],[11,-9],[22,-8],[12,-18],[2,-19],[-6,-15],[-22,-22],[-8,-27],[3,-22],[15,-44],[4,-9],[10,-17],[5,-9],[5,-17],[1,-35],[-1,-13],[-1,-16],[2,-4],[1,-3],[2,-4],[12,-5],[1,-1],[10,-8],[6,-16],[0,-14],[-17,-18],[-2,-2],[-143,-154],[-4,-4],[-38,-41],[-59,-73],[-49,-61],[-12,-12],[-32,-32],[-19,-21],[-8,-10],[-56,-77],[-41,-48],[-46,-53],[-65,-81],[-42,-56],[-37,-49],[-51,-49],[-34,-45],[-25,-9],[-23,-21],[-32,-30],[-107,-31],[-4,-1],[-71,-20],[-4,0],[-230,-46],[-191,-39],[-14,-8],[-2,-2],[-13,-14],[-115,-219],[-49,-93],[-3,-145],[-1,-34],[0,-3],[0,-3],[-3,-29],[-4,-32],[-16,-149],[-15,-133],[-13,-75],[16,-38],[97,-229],[54,-129],[18,-41],[3,-64],[0,-1],[10,-213],[2,-38],[2,-47],[2,-47],[-77,-133],[-14,-24],[-8,-13],[-10,-17]],[[4376,8918],[-10,-37],[0,-37],[13,-37],[11,-20],[9,-23],[0,-17],[0,-32],[0,-25],[-11,-29],[-13,-11],[-26,-9],[-23,-14],[-7,-23],[4,-26],[11,-11],[24,-3],[26,0],[25,0],[18,0],[13,-9],[10,-23],[0,-37],[0,-34],[-2,-43],[-6,-66],[-18,-40],[-10,-63],[-17,-54],[-24,-52],[-15,-28],[0,-6],[1,0],[-64,-66],[-39,-40],[-56,-14],[-34,-17],[-37,-21],[-10,-5],[-63,-17],[-60,-18],[-58,-34],[-39,-3],[-73,-5],[-73,-6],[-38,-3],[-20,-3],[-23,-26],[-22,0],[-18,5],[-36,-53],[-33,-75],[-37,-81],[-33,-75],[-12,-25],[14,-28],[24,-19],[28,-28],[16,-16],[19,-25],[26,-34],[30,-34],[33,-31],[21,-13],[14,-25],[3,-22],[2,-22],[-5,-31],[-25,-19],[-33,-9],[-38,-25],[-37,-38],[-31,-46],[-28,-60],[-26,-62],[-28,-60],[-14,-53],[-7,-56],[-5,-137],[5,-66],[5,-31],[28,-16],[14,-3],[19,-16],[18,-12],[7,-19],[0,-28],[26,-15],[31,-10],[51,-34],[50,-19],[42,-37],[19,-41],[14,-31],[8,-10]],[[3771,6246],[-30,-15],[-58,7],[-93,-19],[-153,0],[-109,7],[-23,3],[-19,4],[-18,-9],[-26,-7],[-23,-19],[-23,-11],[-30,-3],[-28,3],[-30,4],[-21,19],[-5,13],[-27,1],[-28,2],[-39,7],[-39,5],[-24,5],[-13,12],[-7,7],[-17,23],[-30,37],[-30,31],[-28,28],[-25,2],[-35,-4],[-37,0],[-26,-3],[-44,-2],[-41,2],[-31,0],[-29,3],[-8,5],[-67,-18],[-54,-1],[-52,12],[-37,14],[-35,12],[-21,10]],[[2258,6413],[-18,8],[-25,17],[-27,6],[-21,7],[-8,15],[-14,30],[-10,11],[-14,0],[-19,9],[-7,19],[-10,16],[-30,26],[-15,19],[-7,30],[2,23],[4,46],[16,24],[9,10],[7,8],[18,24],[12,25],[0,49],[0,51],[-8,44],[-12,39],[-17,14],[-31,21],[-26,12],[-11,4],[-24,0],[-4,-16],[0,-19],[-3,-16],[-8,-5],[-19,1],[-26,2],[-18,16],[-20,26],[-6,30],[-12,32],[-8,33],[-3,16],[-10,21],[-15,9],[-25,16],[-42,45],[-11,16],[-5,25],[1,21],[10,12],[5,21],[5,18],[3,23],[5,10],[-4,31],[-12,33],[-20,14],[-23,10],[-21,23],[-5,14],[-5,14],[-20,3],[-21,0],[-28,0],[-25,0],[-17,7],[-2,25],[0,38],[0,23],[-7,14],[-9,3],[-14,9],[-4,4],[7,5],[4,19],[10,14],[12,9],[19,13],[24,12],[9,16],[1,21],[-1,35],[13,12],[9,-2],[12,-8],[19,-4],[14,0],[15,12],[6,34],[-1,17],[-24,23],[-32,30],[-29,18],[-59,63],[-28,40],[0,2],[-8,-6],[-11,-5],[-10,3],[-7,6],[-10,0],[-9,0],[-6,-3],[-8,-2],[-9,-1],[-14,-1],[-9,-1]],[[1428,7993],[1,9],[0,15],[-5,8],[-10,7],[-14,4],[-13,0],[-3,-1],[-27,-13],[-15,-2],[-5,4],[0,6],[6,16],[9,10],[10,11],[5,5],[0,11],[-12,31],[5,26],[-1,6],[-10,3],[-14,-2],[-11,2],[-9,3],[-6,8],[-4,8],[-2,19],[-13,27],[-2,27],[-3,7],[-7,6],[0,1],[-1,44],[-19,36],[3,12],[-7,11],[1,8],[30,22],[15,21],[12,30],[5,23],[2,13],[6,12],[6,34],[-2,24],[-3,19],[-19,60],[0,11],[1,7],[5,21],[22,43],[3,2],[15,15],[14,31],[13,19],[3,13],[-3,17],[-2,16],[-9,18],[-6,11],[-2,9],[5,21],[8,17],[20,24],[1,0],[35,43],[12,23],[1,12],[0,3],[-2,5],[-13,30],[0,1],[3,12],[7,6],[15,-22],[81,-21],[10,-6],[57,-29],[30,-16],[113,-35],[20,-4],[15,-3],[29,3],[8,1],[25,3],[67,-38],[15,-14],[16,-24],[16,-12],[14,-6],[34,-15],[6,-5],[3,-7],[-2,-16],[-6,-11],[-29,-57],[-8,-26],[0,-10],[5,-6],[25,-9],[9,-7],[12,-11],[4,-3],[23,-26],[16,-12],[8,0],[11,7],[14,39],[14,26],[7,4],[9,1],[18,3],[9,0],[11,-5],[24,-13],[6,0],[10,-2],[17,2],[33,13],[11,5],[61,3],[55,-7],[43,-11],[2,-1],[3,-1],[57,-3],[26,-5],[55,-10],[29,-9],[22,-7],[17,0],[19,6],[26,17],[9,12],[19,23],[20,19],[40,26],[26,18],[36,17],[50,27],[2,2],[27,20],[28,10],[27,3],[4,0],[11,6],[13,7],[2,1],[23,7],[10,2],[50,-6],[36,4],[35,21],[54,22],[18,8],[56,19],[12,4],[31,17],[44,32],[28,16],[23,8],[9,3],[19,3],[21,3],[10,1],[14,3],[17,15],[3,14],[3,4],[4,7],[18,19],[8,5],[70,38],[6,2],[43,17],[26,10],[23,20],[0,1],[10,4],[9,2],[45,-4],[22,12],[11,3],[19,0],[6,-2],[39,-11],[31,-3],[40,-10],[58,-6],[26,0],[14,-4],[22,-10],[40,-17],[65,-38],[43,-18],[63,-30],[2,-2],[5,-4],[17,-24],[1,-1],[16,-12],[15,-22],[33,-32],[12,-16],[6,-9]],[[6146,8244],[-18,-29],[-12,-123],[-22,-106],[-26,-103],[-13,-66],[-23,-76],[0,-1],[-11,-57],[-19,-69],[-33,-108],[-2,-37],[-15,-78],[-21,-48],[0,-43],[4,-29],[22,-40],[21,-51],[19,-43],[18,-40],[8,-46],[0,-49],[2,-28],[9,-20],[4,-29],[-6,-34],[-2,-43],[-3,-58],[0,-37],[-12,-28],[-22,-40],[-24,-15],[-30,-8],[-34,0],[-19,-6],[-119,-249],[-93,-132],[-169,-254],[-136,-178],[-6,2]],[[5363,5845],[-95,18],[-81,29],[-86,29],[-252,63],[-116,37],[-112,31],[-116,35],[-79,14],[-95,-3],[-58,20],[-19,9],[0,1],[-83,-10],[-148,0],[-73,-3],[-42,-28],[-3,3]],[[3905,6090],[-30,25],[-4,31],[-22,22],[-32,35],[-24,18],[-22,25]],[[4376,8918],[6,-8],[52,-52],[35,-38],[40,-36],[12,-6],[63,-15],[6,-1],[35,-4],[21,1],[48,-3],[107,2],[17,1],[60,2],[17,3],[27,5],[32,1],[61,-8],[19,-3],[18,-2],[94,-26],[3,-1],[98,-35],[17,-2],[73,17],[35,11],[69,21],[79,10],[49,0],[13,1],[17,8]],[[2690,755],[-14,-10],[-13,-9],[-123,-88],[-189,-134],[-188,-135],[-131,-95],[-57,-40],[-116,-84],[-68,-58],[-32,-27],[-65,-71],[-31,-4],[-58,19],[-72,24],[-28,-14],[-10,0],[-32,28],[-32,6],[-34,4],[-140,16]],[[1257,83],[-3,47],[0,42],[2,48],[2,29],[0,28],[-4,20],[-17,29],[-16,28],[0,17],[3,25],[21,30],[13,12],[2,0],[-8,27],[-11,33],[-22,14],[-34,8],[-50,20],[-37,22],[-38,32],[-3,13],[11,20],[20,7],[30,15],[17,17],[2,23],[-8,37],[-29,22],[-25,10],[-30,5],[-26,8],[-7,7],[0,1],[-6,73],[0,196],[2,112],[2,62],[15,27],[28,0],[-2,13],[-12,33],[25,17],[22,29],[21,5],[41,0],[50,3],[41,10],[39,0],[30,24],[11,33],[-1,25],[-23,22],[-24,10],[-37,12],[-26,15],[-17,27],[0,43],[0,34],[0,40],[18,35],[30,35],[52,22],[48,9]],[[1339,1745],[29,6],[97,20],[97,15],[113,29],[66,15],[39,-15],[28,-44],[46,-65],[45,-72],[32,-37],[13,-37],[7,-50],[2,-57],[13,-7],[19,-3],[35,0],[32,3],[32,-5],[15,-23],[1,0],[36,8],[30,-18],[24,-27],[5,-22],[2,-35],[4,-30],[11,-17],[28,-25],[26,-15],[26,0],[23,0],[26,0],[31,-2],[17,-3],[24,-27],[15,-32],[0,-33],[0,-29],[10,-40],[28,-40],[26,-32],[43,-52],[59,-60],[52,-47],[28,-42],[16,-43]],[[985,2556],[43,-1],[-1,-57],[0,-103],[-106,-4],[-21,13],[-15,39],[-26,30],[0,31],[-1,42],[20,14],[107,-4]],[[1257,83],[-51,5],[-11,4],[-15,5],[-2,2],[-10,10],[-4,4],[-19,12],[-25,8],[-80,10],[-14,10],[-32,36],[-9,12],[-55,62],[-61,56],[-54,43],[-3,2],[-60,58],[-18,13],[-8,0],[-33,-20],[-21,7],[-23,2],[-23,2],[-6,-1],[-29,-1],[-29,-10],[-4,37],[-6,25],[-21,53],[-17,24],[-21,20],[-12,12],[-1,0],[-2,7],[6,47],[0,23],[-4,24],[-5,7],[-17,7],[-3,1],[-13,2],[-26,-3],[-16,7],[-15,13],[-1,4],[16,17],[-1,18],[-4,7],[-8,5],[-17,0],[-17,13],[-6,7],[-4,22],[-12,12],[-9,1],[-7,-4],[-9,-1],[-17,8],[-12,-2],[-9,5],[-13,11],[-12,5],[-25,1],[-31,-13],[-9,-1],[-13,4],[-9,7],[-5,10],[-14,-2],[-5,8],[8,17],[-1,4],[46,61],[0,1],[37,74],[25,29],[21,55],[12,23],[16,30],[1,3],[4,8],[1,0]],[[302,1167],[20,15],[23,58],[26,49],[26,55],[15,25],[0,19],[0,23],[-8,30],[-13,17],[3,7],[-1,0],[-17,30],[4,32],[26,50],[39,25],[8,30],[-4,24],[-9,15],[-19,20],[-13,8],[-13,15],[-2,27],[-1,12]],[[392,1753],[8,2],[27,0],[31,-13],[16,-3],[14,0],[19,0],[14,5],[14,8],[16,11],[11,13],[12,7],[5,4],[18,6],[44,-2],[68,2],[9,13],[19,5],[11,10],[5,22],[0,26],[0,24],[1,19],[14,24],[22,22],[35,4],[32,11],[20,0],[27,-22],[23,-21],[16,-24],[12,-15],[13,-18],[5,-15],[0,-24],[3,-30],[6,-23],[10,-13],[22,0],[29,6],[27,37],[26,45],[30,28],[36,18],[27,25],[3,4],[12,16],[42,2],[27,-6],[11,-33],[21,-43],[18,-22],[15,-28],[0,-41],[1,-31]],[[8404,6440],[-58,-100],[-4,-69],[-4,-80],[-3,-54],[-10,-38],[-19,-76],[-11,-45],[-7,-29],[-2,-10],[-4,-21],[-10,-54],[-12,-87],[-1,-15],[-10,-129],[4,-79],[1,-28],[2,-51],[0,-2],[1,-2],[0,-6],[4,-96],[4,-95],[0,-3],[2,-26],[0,-155],[0,-9],[5,-58],[7,-83],[-5,-16],[-79,-125],[-38,-61],[-26,-39],[-45,-120],[-87,-232],[-27,-72],[-9,-11],[-12,-8],[-3,-6],[-7,-39],[-77,-47],[-201,-120],[-52,-32],[-148,-87],[-135,-80],[-66,-40],[-164,-103],[-34,-21],[-198,-124],[-156,-98],[-42,-26],[-197,-124],[-48,-31],[-37,-23],[-22,-14]],[[6364,3241],[-183,318],[-123,179],[-183,277],[-135,249],[-38,81],[-48,58],[-55,83],[-52,98],[-21,29],[-66,98],[-48,58],[-16,39],[0,41],[11,44],[8,57],[2,39],[-2,41],[-7,55],[-29,62],[-22,60],[-33,55],[-31,53],[-43,46],[-41,29],[-33,28],[-19,18],[2,58],[0,62],[24,41],[53,64],[62,85],[65,99]],[[3905,6090],[-14,-60],[-3,-103],[-4,-57],[-20,-62],[-18,-52],[-27,-80],[-30,-56],[-50,-65],[-38,-47],[-51,-33],[-45,-24],[-37,-19],[-26,-30],[-32,-48],[-14,-40],[-14,-48],[-7,-35],[-10,-29],[-20,-26],[-30,-6],[-23,10],[-20,17],[-12,23],[-18,27],[-23,26],[-29,40],[-34,50],[-21,29],[-1,3],[-14,30],[-8,30],[-21,46],[-29,34],[-26,22],[-24,18],[-31,12],[-29,10],[-38,1],[-68,-18],[-57,-17],[-67,-28],[-44,-20],[-59,-37],[-71,-66],[-38,-43],[-21,-23],[-4,-23],[-3,-24],[-9,-16],[-18,-12],[-28,-9],[-22,-26],[-17,-31],[-14,-17],[-40,-4],[-21,6],[-17,18],[-14,20],[-12,14],[-15,3],[-20,0],[-14,-12],[-10,-20],[-8,-17],[-15,-2],[-19,2],[-19,3],[-12,5],[-11,-2],[-10,-8],[-24,-7],[-25,-3],[-26,-19],[-45,-23],[-23,-8],[-19,-15],[-9,-14],[-15,-10],[-19,-4],[-26,2],[-20,7],[-5,2],[-15,16],[-19,18],[-12,20],[-8,13],[3,28],[0,35],[-13,41],[-27,34],[-27,37],[-24,19],[-1,-21],[-20,-20],[-26,-12],[-52,-11],[-40,-8],[-40,0],[-19,-18],[-4,-15],[0,-20],[-13,-16],[-10,-3],[-20,17],[-22,20],[-23,11],[-38,6],[-30,0],[-23,-19],[-13,-30],[-14,-7],[-30,5],[-24,6],[-19,0],[-24,-9],[-12,-14],[-7,-6],[-4,-4],[-22,-2],[-21,4],[-8,10],[-18,21],[-7,8],[-4,18],[0,19],[0,16],[-11,16],[-26,13],[-14,-6],[-8,-17],[-24,-28],[-13,-35],[-10,-29],[-14,-16],[-20,-8],[-42,-13],[-24,-4],[-25,-6],[-16,2],[-1,0],[-1,18],[0,21],[-43,0],[-25,0],[-11,2]],[[883,5199],[-15,2],[-31,25],[-21,10],[-31,22],[-35,25],[-17,35],[-17,49],[-5,9],[-12,28],[-11,28],[0,35],[15,0],[33,8],[18,31],[16,33],[4,35],[0,45],[0,37],[-6,30],[-17,37],[-15,25],[-20,32],[0,17],[9,22],[-22,8],[-19,19]],[[684,5846],[16,29],[16,30],[2,20],[2,1],[10,26],[3,33],[0,41],[-2,31],[-5,35],[-1,22],[-12,23],[-5,26],[-3,21],[-9,24],[0,31],[-6,16],[7,0],[9,11],[14,38],[14,43],[0,56],[0,39],[19,67],[13,45],[10,31],[0,27],[-10,18],[-10,33],[-13,14],[-7,25],[0,24],[0,27],[7,26],[10,29],[3,23],[10,22],[18,18]],[[784,6871],[3,0],[14,1],[18,9],[13,0],[26,-3],[23,-11],[19,-7],[23,0],[22,0],[17,0],[18,2],[7,-2],[2,-18],[0,-17],[6,-16],[14,-12],[27,-4],[16,0],[4,4],[3,-2],[8,-9],[13,-14],[6,-10],[0,-16],[-4,-18],[-7,-14],[-10,-19],[-1,-19],[3,-25],[4,-7],[-4,-27],[0,-24],[0,-24],[0,-21],[0,-17],[-2,-19],[-6,-16],[-4,-21],[0,-21],[-5,-23],[0,-31],[0,-22],[6,-17],[5,-18],[4,-17],[8,-16],[2,-21],[0,-22],[4,-21],[12,-14],[10,-8],[13,0],[18,6],[16,13],[12,16],[18,0],[14,-5],[16,-11],[17,-26],[3,-22],[0,-22],[5,-10],[4,-6],[18,-5],[27,-1],[13,1],[13,0],[17,2],[16,-2],[15,-9],[25,-11],[19,-11],[17,-2],[5,0],[14,0],[11,5],[17,12],[10,15],[17,17],[14,7],[43,0],[23,0],[22,-5],[22,-13],[22,-3],[22,0],[16,-6],[14,-5],[18,0],[12,8],[16,0],[4,0],[9,-8],[2,-18],[10,-6],[-1,-29],[1,-9],[4,-19],[11,-11],[7,-10],[9,-3],[13,-2],[39,5],[17,5],[14,14],[8,18],[7,23],[10,10],[9,-6],[0,-39],[1,-44],[5,-46],[12,-26],[8,-23],[4,-6],[12,-14],[27,-4],[29,1],[18,13],[27,16],[18,-1],[2,5],[7,19],[15,19],[12,20],[8,25],[2,23],[0,19],[-5,17],[-8,12],[-10,9],[-13,0],[-11,0],[-18,2],[-13,8],[-6,12],[1,33],[0,18],[13,18],[14,1],[16,0],[21,0],[19,0],[9,2],[13,12],[6,16],[0,18],[5,19],[2,19],[0,23],[0,20],[1,17],[6,8],[13,0],[16,0],[17,0],[16,5],[8,6],[5,14],[4,14],[12,15],[10,13]],[[6364,3241],[-90,-57],[-197,-125],[-196,-125],[-196,-126],[-54,-34],[-142,-92],[-195,-127],[-195,-128],[-194,-127],[-194,-128],[-81,-53],[-10,-7],[-1,-1],[-181,-124],[-191,-132],[-151,-105],[-40,-28],[-140,-98]],[[3916,1624],[-67,74],[-159,137],[-129,110],[-113,102],[-132,110],[-100,70],[-96,49],[-53,18],[-33,26],[-23,35],[-13,22],[-20,22],[-23,31],[-37,22],[-13,22],[-27,40],[-26,53],[-10,49],[-3,35],[-30,18],[-43,44],[-63,66],[-60,57],[-96,97],[-56,75],[-37,53],[-23,49],[-16,39],[-37,53],[-16,18],[-37,31],[-76,26],[-50,27],[-44,0],[-12,25],[-21,19],[-31,33],[-24,32],[-25,35],[-25,41],[-38,49],[-31,26],[-16,11],[0,17],[-17,20],[-37,54],[-22,39],[-25,29],[-10,12],[-25,30],[-20,4],[-21,-2],[-32,-8],[-37,-22],[-38,-26],[-21,-17],[-28,-17],[-22,-1],[-20,9],[-13,20],[0,28],[-4,24],[-14,21],[-11,7],[-21,0],[-19,0],[-35,-5],[-35,-4],[-22,-5]],[[1383,3782],[1,1],[-3,6],[-5,3],[-8,6],[-30,14],[-1,1],[-5,5],[-7,18],[-3,29],[-10,40],[7,20],[15,14],[7,13],[2,12],[-5,18],[-3,4],[-10,3],[-34,7],[-6,6],[-10,34],[-12,17],[-5,20],[-14,29],[-3,14],[2,19],[0,1],[28,37],[7,14],[0,7],[-4,7],[-5,9],[-10,7],[-25,7],[-19,11],[-6,9],[-3,15],[-4,6],[-35,17],[-11,5],[-11,10],[-25,48],[-1,15],[-1,11],[-3,4],[-17,3],[-30,-6],[-18,-14],[-14,8],[-10,1],[-19,8],[-12,-5],[-10,-11],[-15,4],[-14,10],[-6,10],[-6,12],[-1,12],[2,3],[6,10],[71,35],[21,17],[6,16],[-8,17],[-1,18],[7,32],[14,32],[2,2],[2,2],[7,-5],[23,-30],[10,-4],[16,6],[13,61],[1,5],[-3,7],[-16,3],[-23,-17],[-1,0],[-8,-2],[-28,5],[-3,4],[-29,22],[-7,1],[-17,12],[-24,26],[-5,6],[-3,6],[3,11],[-15,26],[-12,15],[-8,3],[-13,1],[-12,-12],[-3,-7],[-2,-32],[-6,-27],[-13,-12],[-11,-16],[-9,-6],[-15,1],[-11,-5],[-40,9],[-18,-11],[-9,-1],[-10,5],[-18,17],[-10,2],[-15,0],[-29,-13],[-13,0],[-31,9],[-18,10],[-5,0]],[[625,4664],[0,1],[0,32],[-9,15],[15,26],[14,19],[18,43],[4,51],[16,16],[39,27],[43,59],[40,62],[26,37],[11,24],[12,19],[14,24],[1,6],[2,0],[9,21],[0,39],[3,14]],[[784,6871],[-13,3],[-12,12],[-6,21],[0,22],[-3,7],[-13,5],[-16,0],[-16,12],[-12,16],[-6,18],[-7,13]],[[680,7000],[20,37],[5,50],[2,28],[2,20],[-10,30],[-2,4],[3,10],[7,24],[17,34],[10,16],[10,16],[24,17],[18,5],[6,2],[15,0],[4,-1],[9,-3],[24,-14],[16,-2],[13,5],[6,2],[5,7],[-6,13],[-11,26],[5,23],[7,9],[22,16],[40,-24],[20,-1],[14,5],[3,1],[9,6],[6,6],[6,18],[-3,32],[4,11],[14,17],[4,12],[-1,13],[-1,3],[-8,29],[14,31],[-5,13],[-9,9],[-4,9],[0,8],[-1,9],[-6,22],[16,47],[-5,18],[-18,36],[8,22],[10,16],[15,2],[3,4],[4,16],[-6,18],[-2,8],[0,21],[8,6],[14,-6],[15,-12],[6,-5],[13,-7],[33,-6],[21,-13],[9,2],[7,6],[11,26],[2,13],[2,10],[1,5],[4,4],[16,-7],[5,-2],[2,2],[9,9],[9,5],[30,0],[22,-20],[31,8],[9,0],[34,-27],[4,-2],[14,-2],[6,1],[7,1],[9,10],[11,13],[20,0],[31,0],[7,8],[7,8],[25,14],[6,12],[2,10],[-15,21],[-2,4],[-3,8],[0,9],[10,22],[1,7],[0,3],[-8,9],[-35,11],[-4,14],[0,10]],[[684,5846],[-2,-4],[-25,-21],[-37,-28],[-38,-11],[-32,0],[-33,0],[-27,0],[-23,7],[-16,14],[-12,16],[-14,15],[-17,4],[-21,0],[-25,2],[-18,0],[-2,-1]],[[342,5839],[-1,0],[0,1],[-1,0],[0,1],[0,1],[0,1],[-1,0],[1,1],[-1,0],[0,1],[-1,0],[0,1],[0,1],[0,3],[-1,0],[0,1],[0,2],[-1,1],[0,1],[0,1],[-1,0],[0,1],[0,1],[-1,0],[0,1],[0,2],[0,1],[-1,0],[0,1],[0,2],[-1,0],[0,1],[-1,0],[0,1],[-1,0],[0,1],[0,1],[-1,0],[0,1],[0,1],[-1,0],[0,1],[-1,0],[0,4],[-1,0],[0,1],[-1,0],[-1,0],[0,1],[0,1],[1,0],[-1,1],[1,0],[0,3],[0,1],[-1,0],[0,1],[0,1],[0,1],[-1,0],[0,1],[0,1],[-1,0],[0,1],[0,1],[0,1],[-1,0],[0,1],[-1,0],[-1,0],[0,1],[-2,0],[0,-1],[-1,0],[0,-1],[-1,0],[0,-1],[-1,0],[-1,0],[0,1],[-1,0],[0,1],[0,1],[0,1],[0,1],[0,3],[-1,0],[0,1],[1,0],[0,1],[-1,0],[1,0],[0,1],[-1,0],[0,1],[-1,0],[0,1],[0,5],[-1,0],[0,1],[0,2],[0,1],[-1,0],[0,1],[-1,0],[0,4],[0,1],[0,1],[0,1],[0,1],[-1,0],[0,9],[0,2],[0,1],[1,0],[0,1],[0,1],[0,1],[0,1],[1,0],[0,3],[-1,-1],[0,2],[0,2],[0,1],[0,2],[0,1],[0,1],[1,0],[1,0],[0,3],[0,1],[0,1],[1,0],[0,2],[-1,0],[0,1],[0,2],[0,2],[-1,0],[0,2],[0,1],[0,1],[-1,0],[0,2],[0,1],[-1,0],[0,1],[0,1],[-1,0],[0,2],[1,0],[0,2],[0,1],[1,0],[0,1],[1,0],[0,-1],[2,0],[0,2],[-1,0],[-2,0],[0,1],[0,1],[0,3],[2,0],[0,1],[1,0],[0,1],[-1,0],[0,1],[-3,0],[0,1],[-1,0],[0,1],[0,1],[-1,0],[0,3],[0,5],[1,0],[0,2],[0,1],[1,0],[0,1],[-1,0],[1,0],[0,1],[0,2],[0,2],[-1,0],[0,1],[0,1],[0,3],[1,0],[-1,0],[0,4],[-1,0],[0,9],[1,0],[0,1],[2,0],[0,-1],[1,0],[1,0],[0,2],[0,1],[0,1],[-1,0],[0,1],[-1,0],[-2,0],[0,1],[-1,0],[0,3],[1,0],[0,1],[-1,0],[0,6],[0,1],[0,2],[0,4],[0,2],[0,1],[0,3],[0,3],[0,1],[1,0],[0,1],[1,0],[0,1],[0,3],[0,1],[-1,0],[0,1],[0,1],[-1,0],[0,2],[0,3],[0,1],[-1,0],[0,3],[1,0],[0,1],[0,4],[0,3],[0,4],[-1,0],[0,1],[0,1],[-1,0],[0,3],[1,0],[1,0],[0,2],[-1,0],[1,1],[0,1],[0,6],[0,2],[-1,0],[0,3],[-1,0],[0,1],[-1,1],[0,3],[1,0],[0,1],[0,3],[0,1],[0,2],[0,1],[0,2],[-1,0],[0,3],[0,1],[1,0],[0,1],[0,1],[1,0],[1,0],[0,1],[1,0],[1,0],[1,0],[0,2],[0,1],[0,1],[0,1],[-1,0],[0,1],[-1,0],[0,1],[-1,0],[0,1],[-1,0],[0,1],[0,1],[1,0],[0,1],[1,0],[0,1],[0,1],[-1,0],[0,1],[-2,0],[0,1],[0,2],[1,0],[0,1],[-1,0],[0,2],[-1,0],[0,1],[-1,0],[0,2],[0,3],[-1,0],[0,1],[1,0],[0,1],[1,0],[0,1],[-1,0],[0,2],[-1,0],[0,6],[0,1],[0,1],[0,1],[-1,0],[0,1],[0,3],[1,0],[0,1],[-1,0],[0,1],[0,1],[-1,0],[0,3],[0,1],[0,1],[0,1],[-1,0],[0,1],[-1,0],[0,1],[0,2],[0,2],[-1,0],[0,1],[-1,0],[0,1],[0,1],[-1,0],[0,2],[0,1],[0,2],[0,1],[0,-1],[0,2],[2,0],[0,-1],[0,-1],[1,0],[0,1],[0,1],[1,0],[0,-1],[0,1],[1,0],[0,1],[0,1],[1,0],[0,1],[0,1],[0,2],[-1,0],[0,1],[0,2],[0,1],[-1,0],[0,1],[-1,0],[0,1],[-1,0],[0,1],[0,2],[0,1],[-1,0],[0,1],[-1,0],[0,1],[-1,0],[0,1],[-1,0],[0,1],[0,1],[-1,0],[0,1],[-1,0],[0,1],[0,2],[-1,0],[-1,0],[0,1],[0,1],[0,1],[-1,0],[0,1],[0,-1],[0,1],[0,1],[-1,0],[0,1],[0,1],[-1,0],[0,1],[0,1],[0,1],[-1,0],[0,1],[0,1],[-1,0],[0,1],[-1,0],[0,1],[-1,0],[0,1],[0,1],[-1,0],[0,1],[-1,0],[0,1],[0,1],[-1,0],[0,1],[-1,0],[0,1],[-1,0],[0,1],[-1,0],[0,1],[-1,0],[0,1],[-1,0],[0,1],[-1,0],[0,1],[-1,0],[0,1],[0,1],[-1,0],[-1,0],[0,1],[0,1],[0,1],[-1,0],[0,1],[-1,0],[-1,0],[0,1],[0,1],[-1,0],[0,1],[-1,0],[0,1],[0,1],[-1,0],[-1,0],[0,1],[-1,0],[0,1],[0,1],[-1,0],[0,1],[-1,0],[0,1],[-1,0],[0,1],[-1,0],[0,1],[-1,0],[0,1],[0,1],[-1,0],[0,1],[-1,0],[0,1],[-1,0],[0,1],[-1,0],[0,1],[0,1],[-1,0],[1,0],[-1,0],[0,1],[-1,0],[0,1],[-1,0],[0,1],[-1,0],[0,1],[-1,1],[0,1],[-1,0],[0,1],[-1,0],[0,1],[-1,0],[0,1],[-1,0],[0,1],[-1,0],[-1,0],[0,1],[0,1],[-1,0],[0,1],[-1,0],[0,1],[-1,0],[0,1],[-1,0],[0,1],[-1,0],[0,1],[-1,0],[-1,0],[0,1],[0,1],[-1,0],[0,1],[-1,0],[0,1],[-1,0],[0,1],[-1,0],[-1,0],[0,1],[-1,0],[0,1],[-1,0],[0,1],[-1,0],[0,1],[-1,0],[0,1],[-1,0],[0,1],[-1,0],[0,1],[-1,0],[0,1],[-1,0],[-1,1],[-1,0],[0,1],[0,1],[-1,0],[-1,0],[0,1],[-1,0],[0,1],[-1,0],[0,1],[-1,0],[0,1],[-1,0],[0,1],[-1,0],[-1,0],[0,1],[0,1],[-1,0],[0,1],[-1,0],[-1,1],[-1,0],[0,1],[0,1],[-1,-1],[0,1],[0,1],[-1,-1],[0,1],[-1,0],[0,1],[-1,0],[0,1],[-1,0],[0,1],[-1,0],[1,0],[-1,0],[0,1],[-1,0],[0,1],[-1,-1],[0,1],[0,1],[-1,0],[0,1],[-1,0],[-1,1],[-1,0],[0,1],[-1,0],[0,1],[0,1],[-1,0],[-1,0],[0,1],[-1,1],[-1,0],[0,1],[-1,0],[1,1],[-1,-1],[0,1],[0,1],[-1,0],[-1,0],[0,1],[-1,0],[0,1],[-1,0],[0,1],[-1,0],[0,1],[-1,0],[0,1],[-1,0],[0,1],[-1,0],[-1,0],[0,1],[-1,0],[0,1],[-1,0],[0,1],[-1,0],[0,1],[-1,0],[-1,1],[-1,0],[0,1],[-1,0],[0,1],[-1,0],[-1,1],[0,1],[-1,0],[-1,0],[0,1],[-1,0],[0,1],[-1,0],[0,1],[-1,0],[0,1],[-1,0],[0,1],[-1,0],[-1,0],[0,1],[-1,0],[-1,1],[-1,0],[0,1],[-1,0],[0,1],[-1,-1],[0,1],[-1,0],[0,1],[-1,0],[0,1],[-1,0],[-1,0],[0,1],[-1,0],[0,1],[-1,0],[-1,0],[0,1],[0,1],[-1,0],[-1,0],[0,1],[-1,0],[0,1],[-1,0],[0,1],[-2,0],[0,1],[-1,0],[-2,0],[0,1],[0,1],[-1,0],[-1,0],[0,1],[-1,0],[-1,0],[0,1],[-1,0],[0,1],[-1,0],[0,1],[-1,-1],[0,1],[-3,0],[0,1],[-1,0],[-2,0],[0,1],[-1,0],[0,1],[-1,0],[0,1],[-3,0],[-3,0],[0,1],[-1,0],[0,1],[-1,0],[0,-1],[0,-1],[-2,1],[-1,0],[-2,-1],[0,1],[0,1],[-1,0],[0,1],[-1,0],[0,-1],[0,1],[-2,0],[-2,0],[-1,0],[-2,0],[0,-1],[-1,0],[-1,0],[0,-1],[-1,0],[0,-2],[0,-1],[0,-1],[0,-2],[0,-1],[-1,0],[0,-1],[0,-1],[-1,0],[0,-1],[1,0],[0,-3],[-1,0],[0,-1],[0,-1],[-1,0],[0,-2],[-1,0],[0,-1],[-1,0],[0,-1],[-1,0],[-1,0],[-1,0],[0,1],[-1,0],[0,1],[-1,0],[0,2],[0,1],[0,1],[-1,0],[-1,0],[0,1],[-1,0],[0,1],[0,1],[-1,-1],[0,1],[-1,0],[0,1],[-1,1],[0,1],[-1,0],[0,1],[-1,0],[0,1],[0,1],[-1,0],[0,1],[-1,0],[0,-1],[-1,0],[0,1],[-1,0],[-1,0],[0,1],[-1,0],[0,1],[-1,0],[-3,0],[-1,0],[0,1],[-1,0],[0,1],[-1,0],[0,2],[-1,0],[0,1],[0,1],[-2,-1],[0,1],[0,1],[-1,0],[0,1],[0,1],[-1,0],[0,4],[1,0],[0,1],[0,1],[0,1],[1,0],[0,1],[0,1],[0,1],[1,0],[0,1],[1,0],[-1,2],[1,0],[0,1],[1,0],[0,1],[0,1],[0,2],[0,1],[-1,0],[0,1],[0,1],[-1,0],[1,2],[-1,0],[0,1],[0,1],[-1,0],[0,1],[0,1],[-1,0],[0,1],[0,1],[0,1],[-1,0],[0,1],[0,1],[-1,0],[0,1],[0,1],[-1,0],[0,1],[0,1],[0,2],[-1,0],[0,1],[-1,0],[0,1],[0,1],[-1,2],[0,-1],[0,2],[0,1],[-1,0],[0,1],[2,0],[0,-2],[0,-2],[1,0],[0,-1],[0,-1],[1,0],[0,-1],[0,-1],[0,-1],[1,0],[0,-1],[0,-1],[1,0],[0,-1],[0,-1],[1,0],[0,-2],[0,-1],[1,0],[0,-1],[0,-1],[1,0],[0,-2],[0,1],[0,-1],[0,-1],[1,0],[0,-1],[0,-1],[0,-1],[1,0],[0,-1],[0,-1],[1,0],[0,-1],[0,-1],[0,-2],[1,0],[-1,0],[0,-2],[0,-1],[-1,0],[0,-2],[0,-1],[-1,0],[0,-1],[-1,0],[0,-2],[0,-1],[-1,0],[0,-1],[0,-1],[-1,0],[0,-4],[1,0],[0,-1],[1,0],[0,1],[1,0],[0,1],[1,0],[0,1],[1,0],[0,1],[0,1],[1,0],[0,1],[1,0],[0,1],[0,1],[0,1],[1,0],[0,1],[0,1],[1,0],[0,1],[1,0],[1,0],[0,1],[0,3],[0,2],[1,0],[0,1],[0,1],[0,1],[0,3],[1,0],[0,3],[1,0],[0,1],[0,1],[0,1],[1,0],[0,1],[0,1],[0,2],[-3,0],[0,-1],[-1,0],[0,-1],[-1,0],[0,1],[0,3],[-1,0],[0,2],[1,0],[0,1],[0,1],[1,0],[0,1],[1,0],[1,0],[0,1],[1,0],[0,1],[1,0],[0,1],[0,-1],[0,1],[1,0],[0,1],[0,1],[1,0],[1,1],[0,1],[0,1],[1,0],[0,1],[0,1],[0,1],[0,2],[0,1],[-1,0],[0,1],[-1,0],[0,1],[0,1],[-1,0],[-1,0],[0,1],[0,1],[-1,0],[-1,0],[0,1],[-1,0],[-1,0],[-2,0],[0,-1],[-1,0],[-1,0],[-1,0],[0,1],[-1,0],[0,1],[-1,0],[0,1],[0,2],[1,0],[0,1],[0,1],[0,2],[1,0],[0,1],[0,1],[-1,0],[0,1],[-1,0],[0,1],[-1,0],[-1,0],[0,1],[-1,0],[0,1],[-1,0],[-1,-1],[0,-3],[1,0],[0,-2],[1,1],[0,-1],[-1,0],[0,-1],[-1,0],[-1,0],[0,2],[-1,0],[0,-1],[0,-1],[-1,0],[0,1],[0,1],[-1,0],[0,1],[-1,0],[0,2],[0,2],[-1,0],[0,1],[-1,0],[0,1],[0,1],[0,1],[0,1],[0,1],[1,0],[0,-1],[1,0],[0,-1],[1,0],[0,1],[1,0],[0,1],[-1,0],[0,2],[1,0],[-1,0],[0,1],[0,1],[-1,0],[-1,0],[0,-1],[-1,0],[0,-1],[-1,0],[0,-1],[-1,0],[-1,0],[0,1],[0,1],[-2,-1],[0,1],[-1,0],[0,1],[0,1],[-1,0],[0,1],[-1,0],[-1,0],[0,1],[-1,0],[0,1],[0,1],[-1,0],[-2,0],[0,1],[-1,0],[-1,0],[0,1],[0,1],[-1,0],[0,1],[-1,0],[0,1],[0,1],[-1,0],[-1,0],[0,1],[-2,0],[0,-1],[-3,0],[0,1],[0,1],[0,1],[0,1],[1,0],[0,2],[-1,0],[0,1],[0,1],[-3,0],[0,1],[-1,0],[0,-2],[-1,0],[0,-1],[-2,0],[0,1],[-1,0],[0,1],[0,4],[0,1],[1,0],[0,1],[1,0],[1,1],[1,0],[0,1],[1,0],[0,1],[2,0],[0,1],[0,1],[1,-1],[0,1],[0,1],[1,0],[0,1],[0,1],[1,0],[0,1],[1,0],[1,0],[0,1],[1,0],[0,2],[-1,0],[0,2],[1,1],[0,1],[0,1],[1,0],[0,1],[2,0],[1,0],[1,0],[0,1],[1,0],[0,1],[0,3],[0,3],[0,1],[0,1],[-1,0],[0,1],[-1,0],[0,1],[-1,0],[0,2],[0,1],[-1,0],[0,1],[-1,0],[0,1],[-1,0],[0,1],[0,1],[-1,0],[-1,0],[0,1],[-1,0],[0,1],[-1,0],[-1,0],[-1,0],[0,1],[-4,0],[0,-1],[-1,0],[-1,0],[0,-1],[-1,0],[-1,0],[0,-1],[-1,0],[-1,0],[0,-1],[-1,0],[-2,0],[0,-1],[-1,0],[0,-1],[-1,1],[0,-1],[-2,0],[0,-1],[-2,0],[0,-1],[-1,0],[0,-1],[-1,0],[0,1],[-1,0],[0,-1],[-1,0],[0,-1],[-1,0],[0,-1],[-1,0],[-1,0],[0,2],[0,2],[-1,0],[0,1],[1,1],[0,1],[0,1],[-1,0],[0,1],[0,-1],[0,-1],[-1,0],[-2,0],[0,1],[0,1],[1,0],[1,0],[1,0],[0,1],[0,1],[0,1],[-1,0],[-1,0],[0,-1],[-1,0],[0,1],[-1,0],[0,1],[-1,0],[0,1],[0,1],[1,0],[1,0],[0,-1],[2,0],[0,1],[1,0],[1,0],[0,1],[1,0],[0,-1],[1,0],[1,0],[0,-1],[1,0],[1,0],[0,-1],[1,0],[1,0],[0,1],[1,0],[1,0],[0,-1],[2,0],[1,0],[0,1],[1,0],[0,1],[1,0],[0,1],[0,1],[1,0],[0,1],[1,0],[0,1],[1,0],[0,1],[2,0],[0,-1],[1,0],[0,1],[1,0],[0,1],[1,0],[0,1],[1,0],[1,0],[0,1],[0,1],[1,0],[1,0],[0,1],[1,0],[0,1],[1,0],[0,1],[1,0],[1,0],[1,0],[0,1],[0,1],[2,0],[0,-1],[1,0],[0,-1],[-1,0],[0,-2],[-1,0],[0,-1],[1,0],[0,-1],[1,0],[0,-1],[1,0],[0,-1],[3,0],[0,-1],[6,0],[0,1],[0,1],[1,0],[0,1],[1,0],[0,1],[1,0],[0,1],[0,2],[-1,0],[0,2],[1,0],[0,1],[3,0],[1,0],[0,-1],[1,0],[0,-1],[1,0],[1,0],[0,-1],[1,0],[0,1],[1,0],[0,1],[1,0],[0,1],[0,5],[-1,0],[0,3],[1,0],[0,1],[1,0],[0,1],[0,1],[1,0],[0,1],[0,1],[0,2],[1,0],[0,1],[1,0],[0,1],[0,1],[0,1],[1,0],[0,1],[1,0],[0,1],[-1,0],[0,2],[1,0],[0,1],[0,1],[1,0],[0,1],[0,1],[0,1],[1,0],[0,4],[1,1],[4,0],[0,1],[1,0],[0,1],[1,0],[0,1],[1,0],[0,1],[1,0],[0,-1],[1,0],[-1,0],[0,-1],[-1,0],[0,-1],[0,-1],[0,-2],[1,0],[0,-1],[1,0],[1,0],[0,-2],[1,0],[1,0],[2,0],[1,0],[0,1],[1,0],[0,1],[0,1],[1,0],[0,2],[-1,0],[0,1],[-1,0],[0,1],[1,0],[1,0],[0,1],[0,1],[0,1],[-1,0],[0,1],[-1,0],[0,1],[-2,0],[0,1],[0,1],[-1,0],[0,1],[0,5],[1,0],[0,1],[1,0],[0,1],[1,0],[0,-1],[1,0],[0,-1],[2,0],[0,1],[1,0],[1,0],[0,1],[0,1],[0,1],[1,0],[0,1],[1,0],[0,1],[0,1],[0,1],[0,3],[1,0],[0,1],[0,1],[-1,0],[0,2],[1,0],[0,1],[1,0],[0,1],[1,0],[0,1],[1,0],[0,1],[0,1],[1,-1],[0,1],[0,1],[1,0],[0,2],[-1,0],[-1,0],[0,1],[0,1],[0,1],[2,0],[1,0],[0,2],[1,0],[0,1],[0,3],[-1,0],[0,1],[-1,0],[0,1],[-1,0],[0,1],[0,1],[-1,0],[0,1],[-1,0],[0,1],[-1,0],[0,1],[0,2],[-1,0],[0,3],[0,7],[0,1],[-1,0],[0,5],[0,1],[0,1],[-1,0],[0,1],[0,1],[-1,0],[0,1],[1,0],[0,3],[-1,0],[0,2],[0,1],[-1,0],[0,1],[-1,0],[0,1],[0,1],[-1,0],[0,1],[-1,0],[0,1],[-1,0],[0,1],[-1,0],[0,1],[0,1],[-3,0],[-2,0],[-1,0],[0,1],[-1,0],[-1,0],[0,1],[-1,0],[0,3],[1,0],[0,1],[0,1],[0,1],[1,0],[0,1],[0,2],[0,1],[1,0],[0,1],[0,2],[0,1],[0,1],[0,1],[-1,0],[-1,0],[0,-1],[-1,0],[0,1],[0,8],[0,2],[1,0],[0,1],[0,2],[1,0],[0,1],[1,1],[0,3],[1,0],[0,1],[1,0],[0,1],[0,1],[1,0],[0,1],[1,0],[0,1],[1,0],[1,0],[0,1],[0,1],[1,0],[0,1],[1,0],[0,1],[1,0],[0,1],[1,0],[0,1],[1,0],[0,1],[1,0],[1,0],[0,1],[1,0],[1,0],[0,1],[1,0],[0,1],[1,0],[0,1],[1,0],[1,0],[0,1],[0,-1],[1,0],[1,0],[2,0],[0,1],[2,0],[1,0],[0,1],[1,0],[0,1],[0,1],[2,0],[1,0],[1,0],[0,-1],[1,0],[0,-1],[1,0],[0,-1],[2,0],[0,1],[1,0],[0,1],[1,0],[0,2],[0,1],[0,1],[1,0],[2,0],[2,0],[0,-1],[0,1],[1,0],[0,1],[0,1],[0,1],[1,0],[0,-1],[0,1],[1,0],[1,0],[0,2],[0,3],[0,1],[-1,0],[0,2],[0,2],[1,0],[0,1],[1,0],[0,1],[1,0],[1,0],[1,0],[0,1],[1,0],[0,1],[0,1],[1,0],[0,1],[1,0],[0,1],[1,0],[1,0],[0,1],[0,1],[0,1],[0,1],[-1,0],[1,0],[0,1],[0,1],[0,2],[-1,0],[0,1],[0,1],[-1,0],[1,0],[0,1],[1,0],[1,0],[1,0],[0,1],[0,1],[0,1],[1,0],[0,1],[2,0],[0,1],[1,0],[1,0],[0,1],[0,1],[0,1],[2,0],[0,-1],[1,0],[1,0],[0,1],[2,0],[1,0],[0,1],[1,0],[0,1],[0,1],[0,1],[1,0],[0,1],[-1,0],[0,1],[-1,0],[0,2],[1,0],[-1,0],[0,1],[0,1],[1,0],[0,1],[1,0],[0,1],[1,0],[0,1],[0,1],[1,0],[1,0],[1,0],[-1,1],[1,0],[1,0],[1,0],[0,1],[2,0],[6,0],[0,1],[1,0],[0,1],[1,0],[0,1],[1,0],[0,1],[1,0],[1,0],[0,1],[1,0],[0,1],[0,3],[1,0],[0,1],[0,1],[1,0],[0,1],[0,2],[1,0],[0,1],[0,1],[0,1],[1,0],[0,2],[0,4],[0,3],[0,1],[0,2],[0,1],[0,1],[1,0],[0,5],[-1,0],[0,2],[0,6],[0,1],[1,0],[1,0],[0,1],[0,1],[0,1],[0,2],[0,1],[1,0],[0,1],[1,0],[0,1],[1,0],[0,1],[2,0],[1,0],[0,1],[1,0],[1,0],[3,0],[0,1],[3,0],[0,1],[1,0],[0,1],[0,1],[0,1],[1,0],[0,4],[0,1],[1,0],[0,5],[-1,0],[0,1],[1,0],[0,4],[0,1],[0,2],[-1,0],[0,3],[0,1],[-1,0],[0,2],[0,1],[0,2],[0,1],[-1,0],[0,2],[0,7],[-1,0],[0,1],[0,1],[-1,0],[0,1],[-1,0],[0,1],[-1,0],[0,1],[0,1],[-1,0],[0,2],[0,2],[0,3],[0,2],[0,1],[-1,0],[0,1],[0,3],[-1,0],[0,2],[0,2],[1,0],[0,1],[1,0],[0,1],[0,1],[0,1],[1,0],[0,1],[0,1],[-1,0],[0,1],[0,2],[-1,0],[0,1],[0,2],[0,2],[-1,1],[-1,0],[0,1],[0,2],[0,1],[0,3],[0,1],[-1,0],[-1,0],[0,1],[0,2],[1,0],[0,1],[-1,0],[-1,0],[0,1],[0,1],[0,2],[0,1],[-1,0],[0,1],[-2,0],[0,1],[-1,0],[0,1],[0,2],[-1,0],[0,1],[0,1],[-1,0],[0,1],[-1,0],[-2,0],[0,1],[-1,0],[0,2],[1,0],[0,1],[1,0],[0,2],[0,1],[1,0],[0,5],[-1,0],[0,1],[1,0],[0,1],[0,1],[-1,0],[-1,0],[0,1],[-1,0],[-1,1],[0,3],[0,1],[1,0],[0,1],[0,1],[-2,0],[-1,0],[0,2],[0,1],[0,1],[0,1],[-1,0],[0,1],[-1,0],[0,1],[0,1],[-1,0],[-1,0],[0,1],[-1,0],[0,1],[-1,0],[0,1],[-1,0],[0,1],[0,1],[-1,0],[-1,0],[0,1],[-1,0],[0,1],[-1,0],[0,1],[1,0],[0,1],[0,1],[0,1],[1,0],[0,1],[1,0],[0,1],[1,0],[0,1],[0,1],[0,1],[0,1],[-1,0],[0,1],[-1,0],[1,0],[0,2],[-1,0],[0,1],[0,4],[0,1],[0,4],[-1,0],[0,2],[0,1],[0,2],[-1,0],[0,1],[-1,0],[0,2],[0,1],[0,1],[-2,0],[-3,0],[0,1],[-1,0],[-1,0],[0,1],[-1,0],[-1,0],[-2,0],[0,1],[0,2],[-1,0],[0,3],[0,1],[0,1],[-1,0],[0,1],[-1,0],[-1,0],[0,1],[-1,0],[-3,0],[0,1],[-1,0],[1,0],[0,1],[0,2],[0,1],[1,0],[0,1],[0,2],[1,0],[0,1],[0,1],[1,0],[0,2],[0,5],[1,0],[0,1],[0,1],[0,1],[0,2],[1,0],[0,1],[1,0],[0,1],[0,1],[1,0],[0,2],[-1,0],[0,1],[-1,0],[-2,0],[0,1],[-4,0],[0,1],[-1,0],[-1,0],[-2,0],[0,1],[-1,0],[-1,0],[0,2],[0,-1],[0,1],[-3,0],[0,1],[-1,0],[0,3],[1,0],[0,1],[1,0],[0,1],[0,1],[3,0],[0,-1],[3,0],[0,1],[1,0],[1,0],[1,0],[0,-1],[1,0],[0,-1],[0,-1],[1,0],[0,1],[0,2],[1,0],[0,1],[1,0],[1,0],[0,1],[1,0],[1,1],[1,0],[0,1],[1,0],[0,1],[1,0],[1,0],[0,-1],[1,0],[0,-2],[1,0],[0,-1],[0,-1],[1,0],[0,-1],[0,-1],[1,0],[0,-1],[1,0],[0,-1],[0,-1],[3,0],[0,1],[2,0],[0,-1],[1,0],[1,0],[0,-1],[1,0],[1,0],[0,1],[1,0],[0,1],[0,2],[1,0],[0,-1],[1,0],[0,-1],[1,0],[0,-1],[1,0],[0,-1],[0,-1],[1,0],[0,-1],[0,-1],[1,0],[0,-1],[1,0],[0,-1],[0,1],[2,0],[0,-1],[1,0],[0,1],[2,0],[1,0],[0,-1],[1,0],[0,1],[10,0],[1,0],[0,1],[1,0],[4,0],[1,0],[2,0],[-1,0],[1,0],[0,1],[1,0],[0,1],[1,0],[0,1],[1,0],[0,1],[1,0],[0,1],[1,0],[1,0],[0,1],[1,0],[0,1],[0,1],[1,0],[1,0],[0,1],[0,1],[1,0],[1,0],[0,1],[1,0],[0,1],[0,1],[1,0],[1,0],[0,1],[0,1],[1,0],[1,0],[0,1],[1,0],[1,0],[0,1],[0,1],[1,-1],[0,1],[0,1],[1,0],[0,1],[1,0],[0,1],[1,0],[0,1],[0,-1],[0,1],[1,0],[0,1],[1,0],[0,1],[0,1],[1,0],[0,1],[1,0],[0,1],[0,1],[1,0],[0,1],[0,1],[1,0],[0,1],[1,0],[1,0],[1,0],[0,-1],[1,0],[0,1],[1,0],[0,-1],[3,0],[3,0],[0,1],[1,0],[0,1],[1,0],[0,1],[1,0],[0,1],[1,0],[0,1],[1,0],[0,1],[1,0],[1,0],[0,1],[0,2],[1,0],[0,1],[1,0],[0,2],[0,1],[1,0],[0,1],[0,1],[0,1],[1,0],[0,1],[1,0],[0,1],[0,1],[0,2],[1,0],[0,1],[0,2],[0,2],[1,0],[0,1],[0,1],[0,1],[1,0],[0,2],[0,4],[1,0],[0,1],[1,0],[0,1],[0,1],[0,1],[1,0],[0,1],[0,1],[0,1],[1,0],[0,1],[0,1],[0,1],[0,1],[1,0],[0,2],[0,4],[0,2],[1,0],[0,5],[1,0],[0,3],[0,1],[0,1],[1,0],[0,2],[-1,0],[0,1],[-1,0],[0,1],[1,0],[0,1],[-1,0],[1,0],[0,1],[1,0],[0,1],[0,5],[2,0],[0,1],[0,1],[0,1],[1,0],[0,1],[3,0],[1,0],[0,1],[0,2],[0,1],[0,2],[0,1],[0,1],[1,0],[0,2],[1,0],[0,1],[1,0],[0,1],[0,1],[0,5],[0,1],[1,0],[0,1],[1,0],[0,1],[0,1],[1,0],[0,1],[1,0],[0,1],[0,1],[1,0],[0,1],[0,2],[1,0],[0,1],[1,0],[0,1],[0,1],[1,0],[1,0],[0,1],[1,0],[0,1],[4,0],[1,0],[1,0],[0,1],[0,1],[1,0],[1,0],[0,1],[2,0],[3,0],[0,1],[1,0],[0,1],[1,0],[0,2],[0,1],[0,1],[1,0],[0,1],[0,1],[1,0],[0,1],[0,1],[1,0],[1,0],[1,0],[0,1],[0,-1],[2,0],[0,-1],[2,0],[0,1],[1,0],[0,2],[1,0],[0,1],[0,2],[1,0],[0,1],[-1,0],[0,1],[5,-3],[1,-2],[20,-22],[18,5],[5,1],[24,14],[20,11],[20,10],[9,3],[3,0],[10,-1],[12,-12],[10,-19],[-2,-32],[-8,-28],[-2,-9],[2,-13],[3,-5],[6,-2],[28,-1],[12,-1],[1,0],[23,-7],[6,-1],[41,-13],[22,-4],[8,-2],[27,-20],[11,-18],[9,-24],[0,-2],[11,-27],[11,-6],[2,-1],[8,-2],[1,3]],[[231,2023],[26,-17],[21,-12],[20,-22],[0,-18],[2,-30],[7,-17],[13,-22],[23,-3],[26,-5],[15,-22],[9,-42],[-5,-23],[4,-37]],[[302,1167],[6,21],[0,11],[-5,14],[-26,41],[-13,133],[-3,9],[-5,19],[5,63],[-8,35],[4,11],[6,5],[30,-9],[17,3],[8,5],[2,5],[-2,8],[-17,22],[-1,5],[-2,6],[3,8],[24,24],[3,52],[-31,52],[-12,5],[-20,3],[-13,5],[-3,22],[5,10],[13,17],[6,16],[1,6],[2,10],[-2,23],[-10,41],[-5,9],[-10,16],[-22,21],[-11,15],[17,33],[3,13],[-3,26],[-1,16],[-1,6]],[[3916,1624],[-10,-8],[-40,-28],[-190,-135],[-189,-135],[-115,-82],[-75,-52],[-190,-134],[-189,-133],[-189,-135],[-39,-27]],[[231,2023],[-3,33],[5,36],[13,37],[30,38],[15,29],[6,26],[-2,14],[-8,7],[61,62],[1,1],[19,33],[4,24],[-5,17],[-13,25],[0,11],[5,6],[20,9],[62,12],[23,9],[29,16],[17,13],[10,13],[7,15],[2,12],[-3,16],[-2,13],[-9,13],[-25,19],[-1,1],[-56,29],[-26,21],[-18,7],[-39,2],[-4,4],[-3,15],[3,13],[31,31],[2,2],[5,5],[9,14],[2,58],[13,20],[16,20],[11,27],[17,26],[5,23],[8,8],[15,-1],[3,0],[12,5],[50,91],[13,4],[21,1],[33,14],[17,11],[18,12],[4,4],[22,20],[14,3],[3,-3],[8,-23],[6,-8],[9,-6],[23,-4],[47,5],[12,9],[16,28],[23,-3],[20,-9],[5,-5],[12,-12],[23,1],[8,-2],[17,-12],[49,-17],[8,-3],[15,2],[3,2],[7,5],[13,18],[2,3],[5,14],[-1,9],[-10,17],[-33,32],[-28,6],[-32,16],[-18,23],[-16,12],[-11,9],[-3,19],[11,29],[28,40],[21,43],[30,35],[27,13],[1,4],[4,19],[18,15],[34,35],[4,12],[-1,13],[10,6],[17,5],[19,12],[7,0],[39,-19],[8,0],[9,4],[5,3],[19,14],[22,24],[5,14],[-2,24],[3,17],[23,30],[14,25],[18,16],[25,10],[5,2],[3,6],[7,39],[19,20],[9,30],[39,24],[14,23]],[[215,5089],[0,-1],[2,0],[0,-1],[1,0],[0,-2],[0,-1],[1,0],[0,-1],[0,-3],[0,-1],[0,-1],[0,-1],[-1,0],[-1,0],[0,-1],[-5,0],[0,1],[0,-1],[0,1],[-1,0],[0,1],[-1,0],[0,1],[-1,0],[0,2],[0,2],[0,1],[0,3],[0,1],[1,0],[4,0],[0,1],[1,0]],[[625,4664],[-4,0],[-27,-9],[-8,-3],[-5,-4],[-4,-3],[-4,-1],[-4,0],[-7,3],[-10,-5],[-11,5],[-18,0],[-16,-4],[-27,0],[-21,21],[-3,4],[-1,0],[-9,4],[-24,-1],[-8,10],[-18,-21],[-2,7],[-12,-9],[0,1],[-1,0],[0,1],[0,1],[-1,0],[0,2],[0,1],[-1,0],[0,2],[0,1],[0,1],[0,1],[0,1],[-1,0],[0,3],[0,1],[0,1],[-1,0],[0,1],[-1,1],[0,2],[0,1],[-1,0],[0,2],[0,1],[-1,0],[0,1],[0,2],[0,1],[-1,0],[0,2],[0,1],[-1,0],[0,1],[0,1],[0,1],[0,1],[-1,0],[0,2],[0,1],[-1,0],[0,1],[0,1],[0,1],[0,1],[-1,0],[0,1],[0,1],[0,1],[-1,0],[0,2],[0,1],[-1,0],[0,1],[0,1],[0,1],[-1,0],[0,2],[0,1],[-1,0],[0,1],[0,1],[-1,0],[0,2],[0,1],[0,1],[-1,0],[0,1],[0,2],[-1,0],[0,1],[0,1],[0,1],[0,1],[-1,0],[0,1],[0,2],[-1,0],[0,1],[0,1],[-1,0],[0,1],[0,1],[0,1],[0,1],[-1,1],[0,-1],[0,2],[0,1],[-1,0],[0,1],[0,2],[-1,1],[0,1],[0,2],[-1,0],[0,1],[0,1],[-1,0],[0,1],[0,1],[0,1],[-1,0],[0,1],[0,1],[0,1],[-1,0],[0,1],[0,1],[0,2],[-1,0],[0,1],[0,1],[-1,0],[0,2],[1,0],[0,2],[-1,0],[0,1],[-1,0],[0,1],[0,1],[-1,0],[0,1],[-1,-1],[0,1],[0,1],[-1,1],[0,1],[-1,0],[0,1],[0,2],[-1,0],[0,2],[0,1],[-1,2],[0,2],[0,3],[-1,0],[0,1],[0,2],[0,1],[0,1],[-1,0],[0,2],[0,2],[-1,0],[0,1],[0,1],[-1,0],[0,1],[0,1],[-1,0],[0,1],[0,1],[-1,0],[0,1],[0,1],[-1,0],[1,1],[-1,0],[0,1],[0,3],[0,1],[-1,0],[0,2],[-1,0],[0,2],[0,1],[-1,0],[0,1],[0,1],[-1,0],[0,1],[0,1],[0,1],[-1,0],[0,2],[0,1],[-1,0],[0,2],[0,1],[-1,0],[0,1],[0,2],[0,1],[-1,0],[0,1],[0,2],[-1,0],[0,3],[0,1],[0,1],[-1,0],[0,1],[0,2],[-1,-1],[0,2],[0,2],[-1,0],[1,1],[-1,0],[0,2],[0,3],[-1,0],[0,3],[0,1],[0,5],[-1,0],[0,4],[0,5],[0,3],[0,1],[0,1],[0,1],[-1,0],[0,2],[0,3],[0,2],[0,1],[-1,0],[0,1],[-1,0],[0,2],[0,1],[0,1],[0,1],[0,1],[0,1],[1,0],[0,1],[1,0],[0,1],[1,0],[0,1],[0,1],[0,1],[0,2],[0,3],[0,3],[0,3],[-1,0],[0,1],[0,1],[-1,0],[0,2],[0,3],[0,1],[-1,0],[0,1],[1,0],[0,1],[1,0],[0,1],[-1,0],[0,1],[0,1],[-1,0],[0,4],[0,3],[-1,0],[0,3],[0,1],[-1,0],[0,2],[0,2],[0,1],[-1,0],[0,1],[0,2],[0,1],[-1,0],[0,1],[1,0],[-1,0],[0,2],[0,1],[-1,0],[0,1],[0,1],[-1,0],[0,1],[0,2],[-1,0],[0,1],[0,2],[-1,0],[0,1],[0,2],[-1,-1],[0,2],[0,1],[-1,0],[1,1],[-1,0],[0,1],[0,1],[-1,0],[0,1],[0,1],[0,1],[0,1],[-1,0],[0,1],[0,1],[-1,0],[0,1],[-1,0],[0,1],[0,1],[-1,0],[0,2],[0,1],[0,1],[-1,0],[0,1],[-1,0],[0,1],[0,1],[0,1],[-1,0],[0,1],[0,1],[-1,0],[0,1],[0,1],[1,0],[0,2],[-1,0],[0,1],[-1,0],[0,1],[0,1],[-1,0],[0,1],[0,1],[-1,0],[0,2],[0,1],[-1,0],[0,1],[-1,0],[0,1],[-1,0],[0,1],[0,2],[-1,0],[0,1],[1,0],[0,1],[-1,0],[0,1],[0,2],[-1,0],[0,1],[0,1],[-1,0],[0,4],[0,1],[-1,0],[0,1],[0,2],[-1,0],[0,1],[0,1],[-1,0],[0,1],[0,1],[-1,0],[0,1],[0,1],[-1,0],[0,1],[0,1],[-1,0],[0,1],[0,1],[-1,0],[0,1],[0,1],[0,1],[-1,0],[0,1],[0,2],[-1,0],[0,1],[0,1],[0,1],[-1,0],[0,1],[0,1],[-1,0],[0,1],[0,1],[-1,0],[0,1],[0,1],[0,1],[-1,0],[0,1],[0,1],[-1,0],[0,1],[0,1],[0,1],[0,1],[-1,0],[0,1],[0,1],[-1,0],[0,1],[0,1],[0,1],[1,0],[0,1],[-1,0],[0,1],[0,2],[-1,0],[0,1],[-1,0],[0,1],[0,1],[0,1],[-1,0],[0,2],[0,1],[0,1],[-1,0],[0,2],[0,1],[-1,0],[0,1],[0,1],[0,1],[-1,0],[0,1],[0,1],[0,1],[-1,0],[0,1],[0,2],[-1,-1],[0,2],[0,1],[0,1],[-1,0],[0,1],[0,2],[-1,0],[0,1],[0,1],[-1,0],[0,1],[0,1],[0,-1],[0,2],[0,1],[-1,0],[0,1],[0,1],[-1,0],[0,1],[0,2],[-1,0],[0,1],[0,1],[-1,0],[0,1],[0,1],[-1,0],[0,1],[0,1],[-1,0],[0,1],[0,1],[-1,1],[0,1],[0,1],[-1,0],[0,1],[-1,0],[0,1],[0,-1],[0,2],[-1,0],[0,1],[0,1],[-1,0],[0,1],[0,1],[-1,0],[0,1],[0,1],[0,4],[0,2],[-1,0],[0,4],[0,4],[-1,0],[0,2],[0,1],[-1,0],[1,2],[-1,0],[0,1],[0,1],[-1,0],[0,2],[0,1],[0,2],[-1,0],[0,3],[0,2],[-1,0],[0,1],[-1,0],[0,1],[0,1],[-1,-1],[0,2],[0,1],[-1,0],[0,1],[0,1],[-1,0],[0,1],[0,1],[-1,1],[0,1],[-1,0],[0,1],[-2,0],[0,1],[-1,0],[0,1],[0,1],[0,1],[1,0],[0,4],[-1,0],[0,1],[0,1],[-1,0],[1,0],[0,1],[0,1],[-1,0],[0,1],[-1,0],[0,1],[1,0],[-1,0],[0,2],[-1,0],[1,1],[-1,0],[-1,0],[-1,0],[0,1],[-1,0],[-1,0],[-2,0],[0,1],[-1,0],[-2,0],[0,1],[-1,0],[0,1],[-1,0],[-3,0],[0,1],[-3,0],[0,1],[-1,0],[-3,0],[-1,0],[0,1],[0,1],[-1,0],[0,1],[0,1],[-1,0],[0,1],[0,1],[-1,0],[0,1],[0,2],[0,1],[-1,0],[0,1],[0,2],[-1,0],[0,2],[0,3],[0,1],[0,1],[1,0],[1,0],[0,-1],[0,-1],[0,-1],[-1,0],[0,-1],[1,0],[0,-2],[0,-2],[0,-2],[1,0],[0,-1],[0,-2],[1,0],[0,-1],[0,-1],[1,0],[0,-1],[1,0],[0,-1],[1,0],[0,-1],[1,0],[-1,-1],[1,0],[2,0],[1,0],[1,0],[0,-1],[1,0],[3,0],[1,0],[0,-1],[1,0],[0,-1],[7,0],[0,1],[0,2],[-1,0],[-1,0],[-1,0],[0,1],[-1,0],[-2,0],[0,2],[1,0],[2,0],[0,1],[2,0],[-1,0],[0,1],[-1,0],[0,-1],[-2,0],[-1,0],[0,-1],[-1,0],[-2,0],[-1,0],[0,3],[1,0],[0,1],[1,0],[0,1],[1,0],[0,1],[1,0],[1,0],[0,1],[-1,0],[-2,0],[-1,0],[0,-1],[-1,0],[0,1],[-2,0],[-1,1],[1,0],[0,1],[0,1],[1,0],[0,1],[1,0],[1,0],[0,1],[1,0],[1,0],[1,0],[0,1],[-1,0],[0,1],[0,-1],[0,1],[-2,0],[-1,0],[0,-1],[-1,0],[-1,0],[0,2],[-1,0],[0,1],[1,0],[0,1],[1,0],[0,1],[1,0],[1,0],[1,0],[0,1],[2,0],[0,1],[1,-1],[0,1],[2,0],[0,1],[2,0],[1,0],[0,2],[-1,0],[0,-1],[-1,0],[0,1],[-1,0],[0,-1],[-1,0],[-1,0],[0,-1],[-2,0],[-1,0],[0,-1],[-2,0],[0,-1],[-2,0],[0,-1],[-1,0],[1,0],[-1,0],[0,-1],[0,-1],[-1,0],[0,1],[-1,0],[0,-1],[-1,0],[0,-1],[-1,0],[0,-1],[-1,0],[0,1],[1,0],[0,1],[0,1],[1,0],[0,1],[1,0],[0,1],[1,0],[0,1],[0,1],[1,0],[1,0],[0,1],[1,0],[0,1],[1,0],[0,-1],[1,0],[0,1],[2,0],[0,-1],[1,0],[0,2],[3,0],[0,1],[4,0],[0,1],[2,0],[0,1],[-1,0],[1,0],[0,1],[1,0],[0,1],[1,0],[1,0],[0,1],[1,0],[0,1],[1,0],[2,0],[0,1],[1,0],[0,1],[1,0],[0,1],[0,1],[0,1],[1,0],[0,6],[0,27],[1,0],[0,2],[-1,0],[0,2],[0,1],[-2,0],[0,1],[0,1],[-1,0],[0,1],[0,1],[0,2],[1,0],[0,1],[0,1],[0,3],[1,0],[0,4],[-1,0],[0,1],[1,0],[0,5],[-1,0],[0,3],[0,5],[-1,0],[0,2],[0,3],[-1,2],[0,1],[0,1],[-1,0],[0,1],[0,1],[-1,0],[0,1],[0,2],[0,1],[-1,0],[0,1],[0,4],[-1,0],[0,1],[0,1],[-2,0],[-1,1],[0,1],[-1,0],[0,1],[0,1],[-1,0],[0,1],[0,2],[1,0],[0,1],[1,0],[0,-2],[0,-2],[1,0],[0,1],[1,0],[0,-1],[1,0],[0,-1],[0,-1],[2,0],[0,3],[0,4],[0,4],[0,1],[1,0],[0,1],[0,1],[0,1],[0,1],[-1,0],[0,1],[1,0],[0,3],[1,0],[0,2],[0,2],[0,1],[0,1],[0,1],[1,0],[0,1],[-1,0],[0,1],[1,0],[0,1],[0,6],[0,5],[0,3],[0,2],[0,1],[2,0],[0,1],[2,0],[0,1],[0,1],[-1,0],[0,1],[1,0],[0,1],[1,0],[0,1],[1,0],[0,1],[1,0],[0,1],[0,1],[1,0],[0,1],[1,0],[1,0],[0,1],[1,0],[0,1],[1,0],[0,1],[1,0],[0,1],[1,0],[1,0],[0,1],[1,0],[0,1],[1,0],[0,1],[1,0],[0,1],[0,1],[1,0],[0,1],[1,0],[1,0],[2,0],[0,1],[0,1],[1,0],[0,1],[1,0],[0,1],[0,3],[0,1],[1,0],[1,0],[0,1],[1,0],[0,1],[1,0],[0,1],[0,1],[1,0],[0,1],[0,1],[0,1],[0,1],[0,1],[1,0],[0,3],[0,6],[0,1],[0,3],[0,1],[-1,0],[0,5],[0,4],[0,2],[-1,0],[0,2],[0,2],[-1,0],[0,3],[0,2],[-1,0],[0,1],[0,3],[0,1],[0,3],[-1,0],[0,3],[0,3],[0,1],[-1,0],[0,2],[0,3],[0,1],[-1,0],[0,2],[0,3],[-1,0],[0,1],[0,3],[-1,0],[0,1],[0,1],[0,1],[0,1],[-1,-1],[0,2],[0,1],[-1,0],[0,1],[0,1],[-1,0],[0,2],[0,2],[-1,0],[0,1],[0,1],[-1,0],[0,1],[0,1],[0,1],[-1,0],[0,2],[0,1],[0,1],[-1,0],[0,1],[-1,0],[-1,0],[0,1],[0,1],[-1,0],[0,1],[0,1],[0,5],[0,2],[0,3],[0,1],[-1,0],[0,5],[0,1],[0,1],[0,1],[1,0],[0,1],[-1,0],[0,1],[1,0],[0,1],[0,2],[0,1],[0,1],[1,0],[0,2],[1,0],[0,1],[0,1],[0,2],[1,0],[0,1],[1,0],[0,1],[0,1],[1,0],[0,1],[0,1],[1,0],[0,1],[0,1],[0,1],[1,0],[0,1],[1,0],[0,1],[0,1],[0,5],[0,2],[1,-1],[0,1],[0,3],[0,1],[1,0],[0,5],[-1,0],[0,3],[0,4],[-1,0],[0,5],[0,3],[0,1],[-1,0],[0,1],[-1,0],[0,1],[0,1],[-1,0],[0,1],[0,1],[0,1],[-1,0],[0,1],[0,2],[-1,0],[0,1],[0,1],[0,3],[-1,0],[0,1],[0,12],[0,1],[1,0],[0,1],[-1,0],[0,2],[1,0],[0,2],[2,0],[0,1],[1,0],[1,0],[0,1],[1,0],[0,1],[1,0],[0,1],[1,0],[1,0],[-1,1],[1,0],[0,1],[0,1],[0,1],[0,2],[0,2],[0,1],[1,0],[0,1],[1,0],[0,1],[0,1],[1,0],[0,6],[0,1],[1,0],[0,1],[1,0],[1,0],[1,0],[0,-1],[1,0],[1,0],[0,-1],[3,0],[0,1],[0,1],[1,0],[4,0],[0,1],[1,0],[0,1],[1,0],[0,1],[0,5],[0,2],[1,0],[0,4],[1,0],[0,1],[0,1],[1,0],[0,2],[-1,0],[0,1],[0,1],[0,1],[1,0],[0,1],[0,-1],[1,0],[0,1],[0,1],[0,3],[1,0],[0,1],[1,0],[0,1],[1,0],[0,2],[0,1],[1,0],[0,1],[0,1],[1,1],[0,2],[0,1],[1,0],[0,2],[0,2],[0,1],[1,0],[0,1],[-1,0],[1,0],[0,2],[-1,0],[0,1],[1,0],[1,0],[0,1],[1,0],[1,0],[0,1],[1,0],[0,2],[0,1],[1,0],[0,1],[1,0],[0,1],[0,1],[0,2],[0,1],[-1,0],[0,3],[0,1],[1,0],[1,0],[0,1],[1,0],[1,0],[0,1],[0,-1],[2,0],[3,0],[0,1],[1,0],[0,1],[1,0],[0,1],[0,1],[0,2],[1,0],[0,2],[1,0],[0,1],[0,1],[1,0],[0,1],[1,0],[0,1],[1,0],[0,1],[1,0],[-1,8],[0,4],[0,2],[-1,0],[0,2],[0,1],[-1,0],[0,1],[0,1],[0,5],[-1,0],[0,2],[0,1],[-1,0],[0,1],[0,1],[-1,0],[0,1],[0,2],[0,1],[1,0],[2,0],[0,1],[0,1],[0,2],[1,0],[0,1],[0,1],[1,0],[0,1],[0,1],[1,-1],[0,1],[0,1],[1,0],[0,1],[1,0],[0,1],[1,0],[0,1],[0,1],[1,0],[0,1],[1,0],[0,1],[1,0],[3,0],[0,1],[1,0],[2,0],[0,1],[1,0],[0,1],[2,0],[0,1],[1,0],[1,0],[0,1],[1,0],[0,1],[1,0],[0,1],[1,0],[0,-1],[2,0],[0,1],[1,0],[0,1],[1,0],[0,1],[0,3],[1,1],[0,1],[1,0],[1,0],[0,1],[0,1],[1,0],[0,-1],[3,0],[0,1],[1,0],[0,1],[2,-1],[0,1],[1,0],[0,1],[0,1],[1,0],[0,1],[0,1],[1,0],[0,2],[0,1],[0,1],[0,1],[1,0],[0,1],[0,14],[0,3],[-1,0],[1,2],[-1,0],[0,3],[0,2],[-1,0],[0,3],[0,1],[-1,0],[0,2],[0,2],[-1,2],[0,1],[0,2],[-1,0],[0,1],[-1,0],[0,2],[1,0],[0,1],[0,14],[-1,0],[0,1],[0,2],[0,1],[-1,0],[0,1],[0,3],[0,1],[0,2],[-1,0],[0,1],[-1,0],[0,1],[0,1],[-1,0],[0,1],[0,2],[-1,0],[0,2],[0,1],[0,1],[-1,0],[0,2],[0,1],[-1,0],[0,2],[0,1]]],"transform":{"scale":[0.0006669455855497545,0.000500896570980363],"translate":[35.716251373291186,32.3106803894043]}}